Compétences,Apprentissage,Niveau d'aq.,,,,Liens vers Docs,Lien vers analyse réflective
,,,,,,,
,,1,2,3,4,,
RT1,AC11.01 ,FALSE,TRUE,FALSE,FALSE,,
,AC11.02,FALSE,FALSE,FALSE,TRUE,,
,AC11.03,FALSE,TRUE,FALSE,FALSE,,
,AC11.04,TRUE,FALSE,FALSE,FALSE,,
,AC11.05,FALSE,TRUE,FALSE,FALSE,,
,AC11.06,FALSE,FALSE,TRUE,FALSE,,
,,,,,,,
,,1,2,3,4,,
RT2,AC12.01,FALSE,FALSE,FALSE,FALSE,,
,AC12.02,FALSE,FALSE,FALSE,FALSE,,
,AC12.03,FALSE,FALSE,FALSE,FALSE,,
,AC12.04,FALSE,FALSE,FALSE,FALSE,,
,AC12.05,FALSE,FALSE,FALSE,FALSE,,
,,,,,,,
,,1,2,3,4,,
RT3,AC13.01,FALSE,FALSE,FALSE,FALSE,,
,AC13.02,FALSE,FALSE,FALSE,FALSE,,
,AC13.03,FALSE,FALSE,FALSE,FALSE,,
,AC13.04,FALSE,FALSE,FALSE,FALSE,,
,AC13.05,FALSE,FALSE,FALSE,FALSE,,
,AC13.06,FALSE,FALSE,FALSE,FALSE,,